{
    "epoch": 12.0,
    "eval_average": 0.5649913379853979,
    "eval_crossner_ai": 0.5586353944062444,
    "eval_crossner_literature": 0.5870841486779018,
    "eval_crossner_music": 0.6154847104249218,
    "eval_crossner_politics": 0.5923344947234735,
    "eval_crossner_science": 0.6423841059102737,
    "eval_mit-movie": 0.5747800586013433,
    "eval_mit-restaurant": 0.3842364531536267,
    "eval_runtime": 59.7187,
    "eval_samples_per_second": 25.118,
    "eval_steps_per_second": 0.201,
    "pred_average": 0.575895917538411,
    "pred_crossner_ai": 0.5310957551326111,
    "pred_crossner_literature": 0.571648690242673,
    "pred_crossner_music": 0.6442953019634509,
    "pred_crossner_politics": 0.6271820448378206,
    "pred_crossner_science": 0.6158401183813761,
    "pred_mit-movie": 0.5581395348335789,
    "pred_mit-restaurant": 0.48306997737736657,
    "pred_runtime": 105.5389,
    "pred_samples_per_second": 29.373,
    "pred_steps_per_second": 0.237,
    "total_flos": 1.480493242238632e+18,
    "train_loss": 0.01650992794381378,
    "train_runtime": 24843.4048,
    "train_samples_per_second": 100.393,
    "train_steps_per_second": 0.784
}