{
    "eval_loss": 2.0711255073547363,
    "eval_model_preparation_time": 0.3637,
    "eval_mse": 2.070607263226472,
    "eval_pearson": 0.4809848449275682,
    "eval_runtime": 76.5526,
    "eval_samples": 55132,
    "eval_samples_per_second": 720.184,
    "eval_spearmanr": 0.495137260081327,
    "eval_steps_per_second": 12.005
}