{
    "epoch": 12.0,
    "eval_average": 0.6199870664024951,
    "eval_crossner_ai": 0.6550048590364042,
    "eval_crossner_literature": 0.5890410958404017,
    "eval_crossner_music": 0.7400782559588615,
    "eval_crossner_politics": 0.6590257879156142,
    "eval_crossner_science": 0.6978470675074548,
    "eval_mit-movie": 0.5758354755294216,
    "eval_mit-restaurant": 0.4230769230293073,
    "eval_runtime": 248.0838,
    "eval_samples_per_second": 12.496,
    "eval_steps_per_second": 0.101,
    "pred_average": 0.6333785885506512,
    "pred_crossner_ai": 0.6239726026896936,
    "pred_crossner_literature": 0.5866946044549676,
    "pred_crossner_music": 0.731337767873109,
    "pred_crossner_politics": 0.6782258064016685,
    "pred_crossner_science": 0.6842767295098318,
    "pred_mit-movie": 0.6121673003306775,
    "pred_mit-restaurant": 0.5169753085946105,
    "pred_runtime": 713.7104,
    "pred_samples_per_second": 14.151,
    "pred_steps_per_second": 0.111,
    "total_flos": 9.063449401866846e+18,
    "train_loss": 0.007670415940246952,
    "train_runtime": 194316.6213,
    "train_samples_per_second": 26.777,
    "train_steps_per_second": 0.209
}