{
    "epoch": 12.0,
    "eval_average": 0.5685934338988231,
    "eval_crossner_ai": 0.5304812833724087,
    "eval_crossner_literature": 0.6189555125224234,
    "eval_crossner_music": 0.6649484535582468,
    "eval_crossner_politics": 0.5905292478608201,
    "eval_crossner_science": 0.6476510066613627,
    "eval_mit-movie": 0.5644171778651361,
    "eval_mit-restaurant": 0.36317135545136414,
    "eval_runtime": 69.9406,
    "eval_samples_per_second": 21.447,
    "eval_steps_per_second": 0.172,
    "pred_average": 0.567848522990327,
    "pred_crossner_ai": 0.5380116958564768,
    "pred_crossner_literature": 0.5563218390303829,
    "pred_crossner_music": 0.684946838226462,
    "pred_crossner_politics": 0.6445971267457817,
    "pred_crossner_science": 0.6146788990328547,
    "pred_mit-movie": 0.5461393596488677,
    "pred_mit-restaurant": 0.3902439023914622,
    "pred_runtime": 124.1526,
    "pred_samples_per_second": 24.969,
    "pred_steps_per_second": 0.201,
    "total_flos": 1.4804932432284877e+18,
    "train_loss": 0.022857820263441363,
    "train_runtime": 40059.139,
    "train_samples_per_second": 62.261,
    "train_steps_per_second": 0.486
}