{
    "epoch": 12.0,
    "eval_average": 0.5685934338988231,
    "eval_crossner_ai": 0.5304812833724087,
    "eval_crossner_literature": 0.6189555125224234,
    "eval_crossner_music": 0.6649484535582468,
    "eval_crossner_politics": 0.5905292478608201,
    "eval_crossner_science": 0.6476510066613627,
    "eval_mit-movie": 0.5644171778651361,
    "eval_mit-restaurant": 0.36317135545136414,
    "eval_runtime": 69.9406,
    "eval_samples_per_second": 21.447,
    "eval_steps_per_second": 0.172
}