{
    "epoch": 10.0,
    "eval_average": 0.6131854405430949,
    "eval_crossner_ai": 0.6092865231661931,
    "eval_crossner_literature": 0.6286836934666195,
    "eval_crossner_music": 0.7208527647733586,
    "eval_crossner_politics": 0.6180014173843617,
    "eval_crossner_science": 0.7430555555054267,
    "eval_mit-movie": 0.6012269938160337,
    "eval_mit-restaurant": 0.3711911356896709,
    "eval_runtime": 391.3064,
    "eval_samples_per_second": 3.833,
    "eval_steps_per_second": 0.031
}