{
    "epoch": 1.0,
    "total_flos": 7.509104756627866e+17,
    "train_loss": 1.2624031775901012,
    "train_runtime": 3427.8321,
    "train_samples": 805732,
    "train_samples_per_second": 235.056,
    "train_steps_per_second": 3.673
}