{
    "eval_loss": 2.2251367568969727,
    "eval_model_preparation_time": 0.3953,
    "eval_mse": 2.2250945287035173,
    "eval_pearson": 0.5955698735099766,
    "eval_runtime": 270.4051,
    "eval_samples": 55132,
    "eval_samples_per_second": 203.887,
    "eval_spearmanr": 0.5964644183742741,
    "eval_steps_per_second": 3.399
}