{
    "epoch": 10.0,
    "eval_average": 0.6549544153663149,
    "eval_crossner_ai": 0.6434599155617964,
    "eval_crossner_literature": 0.6985365853157425,
    "eval_crossner_music": 0.7605820105319225,
    "eval_crossner_politics": 0.7062937062436356,
    "eval_crossner_science": 0.731871838061221,
    "eval_mit-movie": 0.6118980169471131,
    "eval_mit-restaurant": 0.43203883490277367,
    "eval_runtime": 114.1836,
    "eval_samples_per_second": 13.137,
    "eval_steps_per_second": 0.105,
    "pred_average": 0.6583394760374801,
    "pred_crossner_ai": 0.6113789777707272,
    "pred_crossner_literature": 0.6434648104680759,
    "pred_crossner_music": 0.7913093195611434,
    "pred_crossner_politics": 0.6949999999500199,
    "pred_crossner_science": 0.731331793637666,
    "pred_mit-movie": 0.630036629986571,
    "pred_mit-restaurant": 0.5058548008881572,
    "pred_runtime": 184.1336,
    "pred_samples_per_second": 16.836,
    "pred_steps_per_second": 0.136,
    "total_flos": 1.3129994671340126e+19,
    "train_loss": 0.009994643020072008,
    "train_runtime": 82224.7178,
    "train_samples_per_second": 25.277,
    "train_steps_per_second": 0.198
}