{
    "epoch": 39.99939061547837,
    "eval_loss": 1.1202529668807983,
    "eval_mse": 1.1201041389062913,
    "eval_pearson": 0.7274694901413823,
    "eval_runtime": 1.8125,
    "eval_samples": 1384,
    "eval_samples_per_second": 763.579,
    "eval_spearmanr": 0.7451709121895067,
    "eval_steps_per_second": 95.447,
    "total_flos": 2.7624097870302413e+17,
    "train_loss": 0.16596401848444126,
    "train_runtime": 3955.448,
    "train_samples": 26253,
    "train_samples_per_second": 265.487,
    "train_steps_per_second": 8.292
}