{
    "epoch": 39.99939061547837,
    "total_flos": 2.7624097870302413e+17,
    "train_loss": 0.16596401848444126,
    "train_runtime": 3955.448,
    "train_samples": 26253,
    "train_samples_per_second": 265.487,
    "train_steps_per_second": 8.292
}