{
    "epoch": 11.986069049061175,
    "eval_average": 0.5828563108636823,
    "eval_crossner_ai": 0.5465393794251852,
    "eval_crossner_literature": 0.593238822196452,
    "eval_crossner_music": 0.7552804078159323,
    "eval_crossner_politics": 0.5756369426251216,
    "eval_crossner_science": 0.6981227802647318,
    "eval_mit-movie": 0.5224358973862893,
    "eval_mit-restaurant": 0.38873994633206493,
    "eval_runtime": 167.7109,
    "eval_samples": 1400,
    "eval_samples_per_second": 8.348,
    "eval_steps_per_second": 0.262
}