{
    "epoch": 11.986069049061175,
    "eval_average": 0.5828563108636823,
    "eval_crossner_ai": 0.5465393794251852,
    "eval_crossner_literature": 0.593238822196452,
    "eval_crossner_music": 0.7552804078159323,
    "eval_crossner_politics": 0.5756369426251216,
    "eval_crossner_science": 0.6981227802647318,
    "eval_mit-movie": 0.5224358973862893,
    "eval_mit-restaurant": 0.38873994633206493,
    "eval_runtime": 167.7109,
    "eval_samples": 1400,
    "eval_samples_per_second": 8.348,
    "eval_steps_per_second": 0.262,
    "predict_average": 0.5986875855292787,
    "predict_crossner_ai": 0.5827036103618911,
    "predict_crossner_literature": 0.5844725302569334,
    "predict_crossner_music": 0.7374603174102975,
    "predict_crossner_politics": 0.6317917613854253,
    "predict_crossner_science": 0.6789358600085883,
    "predict_mit-movie": 0.5697292862506853,
    "predict_mit-restaurant": 0.40571973303113046,
    "predict_runtime": 528.7894,
    "predict_samples": 6470,
    "predict_samples_per_second": 12.235,
    "predict_steps_per_second": 0.384,
    "total_flos": 6.18323766618882e+17,
    "train_loss": 0.03913711475904542,
    "train_runtime": 23579.31,
    "train_samples": 105659,
    "train_samples_per_second": 53.772,
    "train_steps_per_second": 0.42
}