{
    "eval_average": 0.5752084138162435,
    "eval_crossner_ai": 0.5066964285223358,
    "eval_crossner_literature": 0.5704545454044169,
    "eval_crossner_music": 0.7284035935919259,
    "eval_crossner_politics": 0.5808477236548789,
    "eval_crossner_science": 0.6474226803624981,
    "eval_mit-movie": 0.5595854921778518,
    "eval_mit-restaurant": 0.4330484329997971,
    "eval_runtime": 51.0589,
    "eval_samples_per_second": 13.71,
    "eval_steps_per_second": 0.137
}