{
    "eval_average": 0.5500175871847957,
    "eval_crossner_ai": 0.44155844150919205,
    "eval_crossner_literature": 0.4077669902404751,
    "eval_crossner_music": 0.7866666666156533,
    "eval_crossner_politics": 0.6614173227836071,
    "eval_crossner_science": 0.5040650405997488,
    "eval_mit-movie": 0.648648648595179,
    "eval_mit-restaurant": 0.3999999999497143,
    "eval_runtime": 22.9586,
    "eval_samples_per_second": 3.049,
    "eval_steps_per_second": 0.174
}