{
    "eval_average": 0.6358027637914486,
    "eval_crossner_ai": 0.5540540540039758,
    "eval_crossner_literature": 0.6587112171337166,
    "eval_crossner_music": 0.7942238266647348,
    "eval_crossner_politics": 0.7248094834384902,
    "eval_crossner_science": 0.7405714285213001,
    "eval_mit-movie": 0.5782493368200579,
    "eval_mit-restaurant": 0.399999999957865,
    "eval_runtime": 107.353,
    "eval_samples_per_second": 6.521,
    "eval_steps_per_second": 0.065
}