{
    "pred_AnatEM": 0.7814264315665307,
    "pred_FabNER": 0.020400922443217034,
    "pred_FindVehicle": 0.5163724365553689,
    "pred_HarveyNER": 0.6601752677201158,
    "pred_MultiNERD": 0.92714252349635,
    "pred_Ontonotes": 0.8665075862810947,
    "pred_TweetNER7": 0.6700738216422907,
    "pred_WikiANN-en": 0.816696257060763,
    "pred_WikiNeural": 0.8984379027184658,
    "pred_average": 0.7639392575668574,
    "pred_bc2gm": 0.7819647852059005,
    "pred_bc4chemd": 0.7202539388129244,
    "pred_bc5cdr": 0.8627888445715289,
    "pred_broad_twitter_corpus": 0.8016391342822087,
    "pred_conll2003": 0.9158231219531838,
    "pred_conllpp": 0.9301873453016986,
    "pred_mit-movie": 0.8822377621877467,
    "pred_mit-restaurant": 0.8284677291593806,
    "pred_ncbi": 0.870310825244663,
    "pred_runtime": 10344.9338,
    "pred_samples_per_second": 12.067,
    "pred_steps_per_second": 0.377
}