{
    "eval_loss": 2.6584935188293457,
    "eval_model_preparation_time": 0.9559,
    "eval_mse": 2.6581026525643776,
    "eval_pearson": 0.47821779133220865,
    "eval_runtime": 47.745,
    "eval_samples": 55132,
    "eval_samples_per_second": 1154.717,
    "eval_spearmanr": 0.4736755029572009,
    "eval_steps_per_second": 19.248
}