{
    "eval_loss": 1.072400450706482,
    "eval_model_preparation_time": 0.4182,
    "eval_mse": 1.0722398705054847,
    "eval_pearson": 0.7578906013634511,
    "eval_runtime": 40.0279,
    "eval_samples": 2074,
    "eval_samples_per_second": 51.814,
    "eval_spearmanr": 0.7751229889906692,
    "eval_steps_per_second": 6.495
}