{
    "epoch": 0.5559968228752978,
    "eval_loss": 1.876850962638855,
    "eval_mse": 1.876627794662529,
    "eval_pearson": 0.5526380371722653,
    "eval_runtime": 186.8432,
    "eval_samples": 55132,
    "eval_samples_per_second": 295.071,
    "eval_spearmanr": 0.5515245662769198,
    "eval_steps_per_second": 2.462,
    "total_flos": 5.2188331223547904e+17,
    "train_loss": 0.6852340872628349,
    "train_runtime": 9360.1361,
    "train_samples": 805732,
    "train_samples_per_second": 47.863,
    "train_steps_per_second": 0.748
}