{
    "eval_loss": 2.604102611541748,
    "eval_model_preparation_time": 0.4171,
    "eval_mse": 2.603153546788147,
    "eval_pearson": 0.4669294700419676,
    "eval_runtime": 76.9193,
    "eval_samples": 55132,
    "eval_samples_per_second": 716.751,
    "eval_spearmanr": 0.4789346751017241,
    "eval_steps_per_second": 11.948
}