{
    "pred_average": 0.6046707036586622,
    "pred_crossner_ai": 0.5897658282242844,
    "pred_crossner_literature": 0.6173096975516918,
    "pred_crossner_music": 0.7315436241110506,
    "pred_crossner_politics": 0.6372837923907269,
    "pred_crossner_science": 0.6945859271336274,
    "pred_mit-movie": 0.5647397062858059,
    "pred_mit-restaurant": 0.3974663499134471,
    "pred_runtime": 555.4594,
    "pred_samples_per_second": 11.648,
    "pred_steps_per_second": 0.365
}