{
    "eval_average": 0.6157395497242496,
    "eval_crossner_ai": 0.5831134564142347,
    "eval_crossner_literature": 0.5758661887193856,
    "eval_crossner_music": 0.7475035662837193,
    "eval_crossner_politics": 0.6223316912471065,
    "eval_crossner_science": 0.68848758459997,
    "eval_mit-movie": 0.617801047070327,
    "eval_mit-restaurant": 0.47507331373500405,
    "eval_runtime": 291.9195,
    "eval_samples_per_second": 2.398,
    "eval_steps_per_second": 0.096
}