{
    "epoch": 0.5559968228752978,
    "eval_loss": 2.8635525703430176,
    "eval_mse": 2.862737832261059,
    "eval_pearson": 0.5236878426240641,
    "eval_runtime": 186.3489,
    "eval_samples": 55132,
    "eval_samples_per_second": 295.854,
    "eval_spearmanr": 0.5258787314087364,
    "eval_steps_per_second": 2.468
}