{
    "epoch": 0.5559968228752978,
    "total_flos": 5.2188331223547904e+17,
    "train_loss": 0.6874149169921875,
    "train_runtime": 9346.8852,
    "train_samples": 805732,
    "train_samples_per_second": 47.93,
    "train_steps_per_second": 0.749
}