{
    "epoch": 12.0,
    "eval_average": 0.6349568967022184,
    "eval_crossner_ai": 0.6232044198393656,
    "eval_crossner_literature": 0.6090373280442264,
    "eval_crossner_music": 0.7260726072106461,
    "eval_crossner_politics": 0.7413294797186828,
    "eval_crossner_science": 0.7244635192631885,
    "eval_mit-movie": 0.6328358208460468,
    "eval_mit-restaurant": 0.38775510199337254,
    "eval_runtime": 84.8712,
    "eval_samples_per_second": 17.674,
    "eval_steps_per_second": 0.141,
    "pred_average": 0.6482647345441952,
    "pred_crossner_ai": 0.6089552238305365,
    "pred_crossner_literature": 0.5593220338482218,
    "pred_crossner_music": 0.7398513435748714,
    "pred_crossner_politics": 0.7130102040315774,
    "pred_crossner_science": 0.7558320372751771,
    "pred_mit-movie": 0.6405959031157885,
    "pred_mit-restaurant": 0.5202863961331936,
    "pred_runtime": 140.4207,
    "pred_samples_per_second": 22.077,
    "pred_steps_per_second": 0.178,
    "total_flos": 4.983069357383877e+18,
    "train_loss": 0.01058156834838817,
    "train_runtime": 44944.1927,
    "train_samples_per_second": 55.493,
    "train_steps_per_second": 0.434
}