{
    "epoch": 12.0,
    "eval_average": 0.6349568967022184,
    "eval_crossner_ai": 0.6232044198393656,
    "eval_crossner_literature": 0.6090373280442264,
    "eval_crossner_music": 0.7260726072106461,
    "eval_crossner_politics": 0.7413294797186828,
    "eval_crossner_science": 0.7244635192631885,
    "eval_mit-movie": 0.6328358208460468,
    "eval_mit-restaurant": 0.38775510199337254,
    "eval_runtime": 84.8712,
    "eval_samples_per_second": 17.674,
    "eval_steps_per_second": 0.141
}