{
    "epoch": 40.0,
    "eval_loss": 0.8757299780845642,
    "eval_mse": 0.8765306694462744,
    "eval_pearson": 0.8209387423779149,
    "eval_runtime": 3.7597,
    "eval_samples": 691,
    "eval_samples_per_second": 183.793,
    "eval_spearmanr": 0.8351735364817533,
    "eval_steps_per_second": 23.14
}