{
    "epoch": 5.975510204081632,
    "eval_average_f1": 0.7872752705596324,
    "eval_crossner_ai_f1": 0.6969512194621729,
    "eval_crossner_ai_precision": 0.6832038254631988,
    "eval_crossner_ai_recall": 0.7112632233975911,
    "eval_crossner_literature_f1": 0.7207808887247035,
    "eval_crossner_literature_precision": 0.73417059131341,
    "eval_crossner_literature_recall": 0.7078708375378049,
    "eval_crossner_music_f1": 0.8294098677345616,
    "eval_crossner_music_precision": 0.8356075373618962,
    "eval_crossner_music_recall": 0.8233034571062476,
    "eval_crossner_politics_f1": 0.8137292710645186,
    "eval_crossner_politics_precision": 0.8159319412219433,
    "eval_crossner_politics_recall": 0.8115384615384407,
    "eval_crossner_science_f1": 0.7579273008007289,
    "eval_crossner_science_precision": 0.7418622255866487,
    "eval_crossner_science_recall": 0.7747035573122223,
    "eval_mit-movie_f1": 0.8908615211609722,
    "eval_mit-movie_precision": 0.8888681707999089,
    "eval_mit-movie_recall": 0.8928638321782938,
    "eval_mit-restaurant_f1": 0.8012668249697691,
    "eval_mit-restaurant_precision": 0.7993680884675892,
    "eval_mit-restaurant_recall": 0.8031746031745777,
    "eval_runtime": 196.7768,
    "eval_samples": 6470,
    "eval_samples_per_second": 32.88,
    "eval_steps_per_second": 0.132
}