{
    "eval_loss": 1.71100914478302,
    "eval_model_preparation_time": 0.4032,
    "eval_mse": 1.7108374198317102,
    "eval_pearson": 0.5876996112043935,
    "eval_runtime": 270.4884,
    "eval_samples": 55132,
    "eval_samples_per_second": 203.824,
    "eval_spearmanr": 0.5845694545984838,
    "eval_steps_per_second": 3.398
}