{
    "epoch": 40.0,
    "eval_loss": 0.8761727213859558,
    "eval_mse": 0.8764545741797871,
    "eval_pearson": 0.7830718309114408,
    "eval_runtime": 4.3325,
    "eval_samples": 1384,
    "eval_samples_per_second": 319.449,
    "eval_spearmanr": 0.7947409846214483,
    "eval_steps_per_second": 79.862
}