{
    "epoch": 6.0,
    "eval_average_f1": 0.8245121187924455,
    "eval_crossner_ai_f1": 0.7728119180132671,
    "eval_crossner_ai_precision": 0.7708978328172897,
    "eval_crossner_ai_recall": 0.7747355320472449,
    "eval_crossner_literature_f1": 0.7795918366846603,
    "eval_crossner_literature_precision": 0.7884416924664196,
    "eval_crossner_literature_recall": 0.7709384460140882,
    "eval_crossner_music_f1": 0.8516191396309799,
    "eval_crossner_music_precision": 0.8572818683100597,
    "eval_crossner_music_recall": 0.8460307298335197,
    "eval_crossner_politics_f1": 0.8341318140118764,
    "eval_crossner_politics_precision": 0.8425320428982254,
    "eval_crossner_politics_recall": 0.8258974358974147,
    "eval_crossner_science_f1": 0.8196913459159836,
    "eval_crossner_science_precision": 0.8103514870606099,
    "eval_crossner_science_recall": 0.8292490118576747,
    "eval_mit-movie_f1": 0.8967971529748943,
    "eval_mit-movie_precision": 0.8967971530248943,
    "eval_mit-movie_recall": 0.8967971530248943,
    "eval_mit-restaurant_f1": 0.8169416243154564,
    "eval_mit-restaurant_precision": 0.816423589093189,
    "eval_mit-restaurant_recall": 0.8174603174602915,
    "eval_runtime": 271.7536,
    "eval_samples": 6470,
    "eval_samples_per_second": 23.808,
    "eval_steps_per_second": 0.096
}