{
    "epoch": 6.0,
    "eval_average_f1": 0.7351901976410299,
    "eval_crossner_ai_f1": 0.6410174880262948,
    "eval_crossner_ai_precision": 0.655396618985653,
    "eval_crossner_ai_recall": 0.6272557560671669,
    "eval_crossner_literature_f1": 0.6706063719952037,
    "eval_crossner_literature_precision": 0.6832460732983935,
    "eval_crossner_literature_recall": 0.6584258324923986,
    "eval_crossner_music_f1": 0.6921450641880779,
    "eval_crossner_music_precision": 0.703471074380142,
    "eval_crossner_music_recall": 0.6811779769526031,
    "eval_crossner_politics_f1": 0.7626288659293632,
    "eval_crossner_politics_precision": 0.7665803108808091,
    "eval_crossner_politics_recall": 0.7587179487179293,
    "eval_crossner_science_f1": 0.7136633662866054,
    "eval_crossner_science_precision": 0.7150793650793367,
    "eval_crossner_science_recall": 0.7122529644268493,
    "eval_mit-movie_f1": 0.8730025230786636,
    "eval_mit-movie_precision": 0.8711301753077048,
    "eval_mit-movie_recall": 0.8748829368795491,
    "eval_mit-restaurant_f1": 0.7932677039830012,
    "eval_mit-restaurant_precision": 0.7935196950444474,
    "eval_mit-restaurant_recall": 0.7930158730158479,
    "eval_runtime": 227.4283,
    "eval_samples": 6470,
    "eval_samples_per_second": 28.449,
    "eval_steps_per_second": 0.114,
    "total_flos": 2.7148768256196608e+17,
    "train_loss": 0.045426035011318366,
    "train_runtime": 1750.3315,
    "train_samples": 18135,
    "train_samples_per_second": 62.165,
    "train_steps_per_second": 0.243
}