{
    "predict_AnatEM": 0.7768135290999967,
    "predict_FabNER": 0.018896514808067852,
    "predict_FindVehicle": 0.5167659322098346,
    "predict_HarveyNER": 0.6572504707598507,
    "predict_MultiNERD": 0.9252718438614709,
    "predict_Ontonotes": 0.8629259772909206,
    "predict_TweetNER7": 0.6550693122630932,
    "predict_WikiANN-en": 0.8213465402887824,
    "predict_WikiNeural": 0.9017772176141523,
    "predict_average": 0.7636760248381416,
    "predict_bc2gm": 0.7798549556309903,
    "predict_bc4chemd": 0.7480104280509924,
    "predict_bc5cdr": 0.8589041095390768,
    "predict_broad_twitter_corpus": 0.8112732762459116,
    "predict_conll2003": 0.9200461442396317,
    "predict_conllpp": 0.9320028258065722,
    "predict_mit-movie": 0.8832854361231601,
    "predict_mit-restaurant": 0.8240423543567192,
    "predict_ncbi": 0.8526315788973253,
    "predict_runtime": 15739.4933,
    "predict_samples": 124835,
    "predict_samples_per_second": 7.931,
    "predict_steps_per_second": 0.248
}