{
    "epoch": 5.982412060301508,
    "eval_average_f1": 0.7043157471820208,
    "eval_crossner_ai_f1": 0.5763133353556218,
    "eval_crossner_ai_precision": 0.5757763975154921,
    "eval_crossner_ai_recall": 0.5768512756689125,
    "eval_crossner_literature_f1": 0.6381070983310472,
    "eval_crossner_literature_precision": 0.6301032956222021,
    "eval_crossner_literature_recall": 0.6463168516649522,
    "eval_crossner_music_f1": 0.6915319352789359,
    "eval_crossner_music_precision": 0.6916426512968078,
    "eval_crossner_music_recall": 0.6914212548015144,
    "eval_crossner_politics_f1": 0.714414996717923,
    "eval_crossner_politics_precision": 0.7204693611473084,
    "eval_crossner_politics_recall": 0.7084615384615203,
    "eval_crossner_science_f1": 0.6596450165288789,
    "eval_crossner_science_precision": 0.6511359260685156,
    "eval_crossner_science_recall": 0.6683794466402898,
    "eval_mit-movie_f1": 0.868849391905082,
    "eval_mit-movie_precision": 0.867875163520821,
    "eval_mit-movie_recall": 0.8698258100767771,
    "eval_mit-restaurant_f1": 0.7813484561566574,
    "eval_mit-restaurant_precision": 0.775484677923678,
    "eval_mit-restaurant_recall": 0.7873015873015623,
    "eval_runtime": 244.5804,
    "eval_samples": 6470,
    "eval_samples_per_second": 26.453,
    "eval_steps_per_second": 0.106,
    "total_flos": 2.2645297467107574e+18,
    "train_loss": 0.031174991405271118,
    "train_runtime": 4775.1133,
    "train_samples": 25449,
    "train_samples_per_second": 31.977,
    "train_steps_per_second": 0.124
}