{
    "epoch": 12.0,
    "eval_average": 0.5681841903319461,
    "eval_crossner_ai": 0.5573159365761873,
    "eval_crossner_literature": 0.5750421584659597,
    "eval_crossner_music": 0.6814404431632289,
    "eval_crossner_politics": 0.6334440752547214,
    "eval_crossner_science": 0.6210448858955023,
    "eval_mit-movie": 0.5192802056065716,
    "eval_mit-restaurant": 0.3897216273614515,
    "eval_runtime": 129.4216,
    "eval_samples_per_second": 23.953,
    "eval_steps_per_second": 0.193,
    "pred_average": 0.5859027539775444,
    "pred_crossner_ai": 0.5689189188688806,
    "pred_crossner_literature": 0.5722423614207152,
    "pred_crossner_music": 0.6589996348532426,
    "pred_crossner_politics": 0.641645038880026,
    "pred_crossner_science": 0.6244959676920139,
    "pred_mit-movie": 0.5984848484352577,
    "pred_mit-restaurant": 0.4365325076926752,
    "pred_runtime": 375.2005,
    "pred_samples_per_second": 26.919,
    "pred_steps_per_second": 0.211,
    "total_flos": 2.9078461080110367e+18,
    "train_loss": 0.01218600714726425,
    "train_runtime": 78688.6273,
    "train_samples_per_second": 66.123,
    "train_steps_per_second": 0.517
}