{
    "eval_average": 0.5733859002711025,
    "eval_crossner_ai": 0.5095398428240147,
    "eval_crossner_literature": 0.5688282138292796,
    "eval_crossner_music": 0.7206085753302676,
    "eval_crossner_politics": 0.5817610062393135,
    "eval_crossner_science": 0.6480908152235976,
    "eval_mit-movie": 0.5595854921778518,
    "eval_mit-restaurant": 0.42528735627339315,
    "eval_runtime": 86.8209,
    "eval_samples_per_second": 8.063,
    "eval_steps_per_second": 0.161
}