{
    "epoch": 5.982412060301508,
    "eval_average_f1": 0.7991134845950182,
    "eval_crossner_ai_f1": 0.721868365130455,
    "eval_crossner_ai_precision": 0.7041420118342778,
    "eval_crossner_ai_recall": 0.7405102675792943,
    "eval_crossner_literature_f1": 0.7527582747744375,
    "eval_crossner_literature_precision": 0.7482552342970713,
    "eval_crossner_literature_recall": 0.757315842583211,
    "eval_crossner_music_f1": 0.8306115913684813,
    "eval_crossner_music_precision": 0.8308776425368087,
    "eval_crossner_music_recall": 0.8303457106273742,
    "eval_crossner_politics_f1": 0.813494099488204,
    "eval_crossner_politics_precision": 0.8139117043120941,
    "eval_crossner_politics_recall": 0.8130769230769023,
    "eval_crossner_science_f1": 0.7675675675175648,
    "eval_crossner_science_precision": 0.7501886792452547,
    "eval_crossner_science_recall": 0.7857707509881112,
    "eval_mit-movie_f1": 0.899381675048353,
    "eval_mit-movie_precision": 0.8997188378631509,
    "eval_mit-movie_recall": 0.8990447649372373,
    "eval_mit-restaurant_f1": 0.8081128188376309,
    "eval_mit-restaurant_precision": 0.8067067383739067,
    "eval_mit-restaurant_recall": 0.8095238095237838,
    "eval_runtime": 156.5346,
    "eval_samples": 6470,
    "eval_samples_per_second": 41.333,
    "eval_steps_per_second": 0.166
}