{
    "epoch": 5.986733001658375,
    "eval_average_f1": 0.7684306121804855,
    "eval_crossner_ai_f1": 0.6612903225306046,
    "eval_crossner_ai_precision": 0.6592455163883327,
    "eval_crossner_ai_recall": 0.6633478531424603,
    "eval_crossner_literature_f1": 0.7012658227347752,
    "eval_crossner_literature_precision": 0.7037601626015902,
    "eval_crossner_literature_recall": 0.69878910191722,
    "eval_crossner_music_f1": 0.8067906224237059,
    "eval_crossner_music_precision": 0.8150931068278074,
    "eval_crossner_music_recall": 0.7986555697823048,
    "eval_crossner_politics_f1": 0.7926125432358588,
    "eval_crossner_politics_precision": 0.7929176289453223,
    "eval_crossner_politics_recall": 0.792307692307672,
    "eval_crossner_science_f1": 0.7297087378140645,
    "eval_crossner_science_precision": 0.7171755725190566,
    "eval_crossner_science_recall": 0.7426877470355437,
    "eval_mit-movie_f1": 0.8844822747605718,
    "eval_mit-movie_precision": 0.8834080717488624,
    "eval_mit-movie_recall": 0.8855590934631787,
    "eval_mit-restaurant_f1": 0.8028639617638172,
    "eval_mit-restaurant_precision": 0.8047846889951896,
    "eval_mit-restaurant_recall": 0.8009523809523555,
    "eval_runtime": 134.3199,
    "eval_samples": 6470,
    "eval_samples_per_second": 48.169,
    "eval_steps_per_second": 0.194
}