{
    "epoch": 12.0,
    "eval_average": 0.6157204475607643,
    "eval_crossner_ai": 0.6419047618546425,
    "eval_crossner_literature": 0.5925925925425246,
    "eval_crossner_music": 0.7416712178636631,
    "eval_crossner_politics": 0.6496887379240206,
    "eval_crossner_science": 0.6866764274755834,
    "eval_mit-movie": 0.5854922279304331,
    "eval_mit-restaurant": 0.41201716733448307,
    "eval_runtime": 249.4425,
    "eval_samples_per_second": 12.428,
    "eval_steps_per_second": 0.1,
    "pred_average": 0.6264575648360032,
    "pred_crossner_ai": 0.6150712830456827,
    "pred_crossner_literature": 0.582812499949981,
    "pred_crossner_music": 0.7287701317215822,
    "pred_crossner_politics": 0.6646622569154043,
    "pred_crossner_science": 0.6738047808266302,
    "pred_mit-movie": 0.6204663211942486,
    "pred_mit-restaurant": 0.49961568019849356,
    "pred_runtime": 708.0511,
    "pred_samples_per_second": 14.265,
    "pred_steps_per_second": 0.112,
    "total_flos": 1.0856571539927597e+19,
    "train_loss": 0.006563335707822561,
    "train_runtime": 231694.0751,
    "train_samples_per_second": 27.117,
    "train_steps_per_second": 0.212
}