{
    "eval_loss": 2.1661057472229004,
    "eval_model_preparation_time": 0.3566,
    "eval_mse": 2.1653698959241536,
    "eval_pearson": 0.37101708799821065,
    "eval_runtime": 112.226,
    "eval_samples": 55132,
    "eval_samples_per_second": 491.259,
    "eval_spearmanr": 0.3779691255965881,
    "eval_steps_per_second": 8.189
}