{
    "epoch": 11.989497206703911,
    "eval_AnatEM": 0.6304347825579159,
    "eval_FabNER": 0.015517241342067629,
    "eval_FindVehicle": 0.7211009173811594,
    "eval_HarveyNER": 0.6666666666159815,
    "eval_MultiNERD": 0.9014084506539085,
    "eval_Ontonotes": 0.902738432433312,
    "eval_TweetNER7": 0.6234522941960994,
    "eval_WikiANN-en": 0.8175182481248842,
    "eval_WikiNeural": 0.9196050775237887,
    "eval_average": 0.7613216436784657,
    "eval_bc2gm": 0.7456445992530588,
    "eval_bc4chemd": 0.7692307691807442,
    "eval_bc5cdr": 0.8515624999497796,
    "eval_broad_twitter_corpus": 0.6972477063722354,
    "eval_conll2003": 0.9794871794369288,
    "eval_conllpp": 0.9794871794369288,
    "eval_mit-movie": 0.7511045654873472,
    "eval_mit-restaurant": 0.8044692736928646,
    "eval_ncbi": 0.9271137025733768,
    "eval_runtime": 401.2747,
    "eval_samples": 3600,
    "eval_samples_per_second": 8.971,
    "eval_steps_per_second": 0.282,
    "predict_AnatEM": 0.7768135290999967,
    "predict_FabNER": 0.018896514808067852,
    "predict_FindVehicle": 0.5167659322098346,
    "predict_HarveyNER": 0.6572504707598507,
    "predict_MultiNERD": 0.9252718438614709,
    "predict_Ontonotes": 0.8629259772909206,
    "predict_TweetNER7": 0.6550693122630932,
    "predict_WikiANN-en": 0.8213465402887824,
    "predict_WikiNeural": 0.9017772176141523,
    "predict_average": 0.7636760248381416,
    "predict_bc2gm": 0.7798549556309903,
    "predict_bc4chemd": 0.7480104280509924,
    "predict_bc5cdr": 0.8589041095390768,
    "predict_broad_twitter_corpus": 0.8112732762459116,
    "predict_conll2003": 0.9200461442396317,
    "predict_conllpp": 0.9320028258065722,
    "predict_mit-movie": 0.8832854361231601,
    "predict_mit-restaurant": 0.8240423543567192,
    "predict_ncbi": 0.8526315788973253,
    "predict_runtime": 15739.4933,
    "predict_samples": 124835,
    "predict_samples_per_second": 7.931,
    "predict_steps_per_second": 0.248,
    "total_flos": 6.270481843208847e+17,
    "train_loss": 0.018949945644988107,
    "train_runtime": 21452.7807,
    "train_samples": 143180,
    "train_samples_per_second": 80.09,
    "train_steps_per_second": 0.625
}