{
    "eval_loss": 2.336009979248047,
    "eval_model_preparation_time": 0.362,
    "eval_mse": 2.335037154421564,
    "eval_pearson": 0.48593909493940324,
    "eval_runtime": 115.0993,
    "eval_samples": 55132,
    "eval_samples_per_second": 478.995,
    "eval_spearmanr": 0.4915468906707564,
    "eval_steps_per_second": 7.984
}