{
    "epoch": 1.0,
    "total_flos": 7.509104756627866e+17,
    "train_loss": 0.7032835265773928,
    "train_runtime": 3436.9122,
    "train_samples": 805732,
    "train_samples_per_second": 234.435,
    "train_steps_per_second": 3.663
}