{
    "epoch": 1.0,
    "eval_loss": 2.179295778274536,
    "eval_mse": 2.1787414831225362,
    "eval_pearson": 0.5164531731204351,
    "eval_runtime": 38.9307,
    "eval_samples": 55132,
    "eval_samples_per_second": 1416.158,
    "eval_spearmanr": 0.5248429103907944,
    "eval_steps_per_second": 11.816,
    "total_flos": 7.509104756627866e+17,
    "train_loss": 0.6982570220971506,
    "train_runtime": 3430.4374,
    "train_samples": 805732,
    "train_samples_per_second": 234.877,
    "train_steps_per_second": 3.67
}