{
    "eval_average": 0.6374767073550222,
    "eval_crossner_ai": 0.5511811023120631,
    "eval_crossner_literature": 0.6603098926793796,
    "eval_crossner_music": 0.7971119133073338,
    "eval_crossner_politics": 0.7252747252246415,
    "eval_crossner_science": 0.7437641722854531,
    "eval_mit-movie": 0.5820105819605891,
    "eval_mit-restaurant": 0.4026845637156953,
    "eval_runtime": 159.8555,
    "eval_samples_per_second": 4.379,
    "eval_steps_per_second": 0.088
}