{
    "epoch": 12.0,
    "eval_average": 0.6246132691143405,
    "eval_crossner_ai": 0.6685393257925758,
    "eval_crossner_literature": 0.6280033139515571,
    "eval_crossner_music": 0.7242666666167125,
    "eval_crossner_politics": 0.6659230339713249,
    "eval_crossner_science": 0.6808209482870015,
    "eval_mit-movie": 0.6055979643274092,
    "eval_mit-restaurant": 0.3991416308538019,
    "eval_runtime": 254.4503,
    "eval_samples_per_second": 12.183,
    "eval_steps_per_second": 0.098
}