{
    "epoch": 1.0,
    "eval_loss": 2.6004016399383545,
    "eval_mse": 2.5992152564309206,
    "eval_pearson": 0.46696855774357215,
    "eval_runtime": 38.806,
    "eval_samples": 55132,
    "eval_samples_per_second": 1420.709,
    "eval_spearmanr": 0.4790225760486888,
    "eval_steps_per_second": 11.854,
    "total_flos": 7.509104756627866e+17,
    "train_loss": 0.9239867582313592,
    "train_runtime": 3428.8703,
    "train_samples": 805732,
    "train_samples_per_second": 234.985,
    "train_steps_per_second": 3.672
}