{
    "epoch": 5.986733001658375,
    "eval_average_f1": 0.6975871865354939,
    "eval_crossner_ai_f1": 0.5674121405250795,
    "eval_crossner_ai_precision": 0.5830597504924108,
    "eval_crossner_ai_recall": 0.5525824517734566,
    "eval_crossner_literature_f1": 0.6135031846633494,
    "eval_crossner_literature_precision": 0.6196603190941523,
    "eval_crossner_literature_recall": 0.6074672048435616,
    "eval_crossner_music_f1": 0.6544920919115158,
    "eval_crossner_music_precision": 0.6669990029910048,
    "eval_crossner_music_recall": 0.642445582586407,
    "eval_crossner_politics_f1": 0.7324964410008462,
    "eval_crossner_politics_precision": 0.7394826234648356,
    "eval_crossner_politics_recall": 0.7256410256410071,
    "eval_crossner_science_f1": 0.6723186119373555,
    "eval_crossner_science_precision": 0.6707317073170468,
    "eval_crossner_science_recall": 0.6739130434782342,
    "eval_mit-movie_f1": 0.868847848454718,
    "eval_mit-movie_precision": 0.8697447447447284,
    "eval_mit-movie_recall": 0.8679528001498246,
    "eval_mit-restaurant_f1": 0.7740399872555926,
    "eval_mit-restaurant_precision": 0.7737944162436302,
    "eval_mit-restaurant_recall": 0.7742857142856897,
    "eval_runtime": 195.3146,
    "eval_samples": 6470,
    "eval_samples_per_second": 33.126,
    "eval_steps_per_second": 0.133
}