{
    "epoch": 12.0,
    "total_flos": 1.4804932432284877e+18,
    "train_loss": 0.022857820263441363,
    "train_runtime": 40059.139,
    "train_samples_per_second": 62.261,
    "train_steps_per_second": 0.486
}