{
    "eval_average": 0.6131207546239914,
    "eval_crossner_ai": 0.5809018567137889,
    "eval_crossner_literature": 0.5758661887193856,
    "eval_crossner_music": 0.7432239657131066,
    "eval_crossner_politics": 0.6217105262656871,
    "eval_crossner_science": 0.6803652967535352,
    "eval_mit-movie": 0.617801047070327,
    "eval_mit-restaurant": 0.47197640113210987,
    "eval_runtime": 172.4284,
    "eval_samples_per_second": 4.06,
    "eval_steps_per_second": 0.081
}