{
    "epoch": 40.0,
    "eval_loss": 0.8513596057891846,
    "eval_mse": 0.8514355423009914,
    "eval_pearson": 0.7817871864188219,
    "eval_runtime": 5.2585,
    "eval_samples": 2760,
    "eval_samples_per_second": 524.866,
    "eval_spearmanr": 0.7984857390133996,
    "eval_steps_per_second": 65.608
}