{
    "epoch": 12.0,
    "eval_average": 0.6253906423793332,
    "eval_crossner_ai": 0.6575963718319627,
    "eval_crossner_literature": 0.5890547263181335,
    "eval_crossner_music": 0.6882859033251686,
    "eval_crossner_politics": 0.7209631727544368,
    "eval_crossner_science": 0.7222699913514298,
    "eval_mit-movie": 0.600600600551236,
    "eval_mit-restaurant": 0.39896373052296435,
    "eval_runtime": 140.1211,
    "eval_samples_per_second": 10.705,
    "eval_steps_per_second": 0.086,
    "pred_average": 0.6343941414561745,
    "pred_crossner_ai": 0.6308316429519136,
    "pred_crossner_literature": 0.551777434262126,
    "pred_crossner_music": 0.7554786620029805,
    "pred_crossner_politics": 0.6696035241790691,
    "pred_crossner_science": 0.7057915057417009,
    "pred_mit-movie": 0.6173752310036101,
    "pred_mit-restaurant": 0.509900990051821,
    "pred_runtime": 234.7413,
    "pred_samples_per_second": 13.206,
    "pred_steps_per_second": 0.107,
    "total_flos": 4.599942085976523e+18,
    "train_loss": 0.014939421185327477,
    "train_runtime": 100692.111,
    "train_samples_per_second": 24.77,
    "train_steps_per_second": 0.194
}