{
    "epoch": 12.0,
    "eval_average": 0.6253906423793332,
    "eval_crossner_ai": 0.6575963718319627,
    "eval_crossner_literature": 0.5890547263181335,
    "eval_crossner_music": 0.6882859033251686,
    "eval_crossner_politics": 0.7209631727544368,
    "eval_crossner_science": 0.7222699913514298,
    "eval_mit-movie": 0.600600600551236,
    "eval_mit-restaurant": 0.39896373052296435,
    "eval_runtime": 140.1211,
    "eval_samples_per_second": 10.705,
    "eval_steps_per_second": 0.086
}