{
    "eval_loss": 1.9465099573135376,
    "eval_model_preparation_time": 0.3969,
    "eval_mse": 1.9459649088075759,
    "eval_pearson": 0.4728997569543242,
    "eval_runtime": 112.0334,
    "eval_samples": 55132,
    "eval_samples_per_second": 492.103,
    "eval_spearmanr": 0.47518529359792455,
    "eval_steps_per_second": 8.203
}