{
    "epoch": 39.98783566674317,
    "eval_loss": 0.7858311533927917,
    "eval_mse": 0.7855635998257692,
    "eval_pearson": 0.7989576945325034,
    "eval_runtime": 8.7372,
    "eval_samples": 2760,
    "eval_samples_per_second": 315.89,
    "eval_spearmanr": 0.8092239481339001,
    "eval_steps_per_second": 78.973,
    "total_flos": 7.124256848105964e+17,
    "train_loss": 0.26982911305213,
    "train_runtime": 18852.674,
    "train_samples": 52284,
    "train_samples_per_second": 110.932,
    "train_steps_per_second": 6.932
}