{
    "epoch": 39.98783566674317,
    "eval_loss": 0.7858311533927917,
    "eval_mse": 0.7855635998257692,
    "eval_pearson": 0.7989576945325034,
    "eval_runtime": 8.7372,
    "eval_samples": 2760,
    "eval_samples_per_second": 315.89,
    "eval_spearmanr": 0.8092239481339001,
    "eval_steps_per_second": 78.973
}