{
    "epoch": 5.975510204081632,
    "eval_average_f1": 0.6652133581110512,
    "eval_crossner_ai_f1": 0.5293164884502123,
    "eval_crossner_ai_precision": 0.5520270270269897,
    "eval_crossner_ai_recall": 0.5084007467330113,
    "eval_crossner_literature_f1": 0.5660764690287643,
    "eval_crossner_literature_precision": 0.5759791122715103,
    "eval_crossner_literature_recall": 0.5565085771947247,
    "eval_crossner_music_f1": 0.6093015718184047,
    "eval_crossner_music_precision": 0.6170003281916436,
    "eval_crossner_music_recall": 0.6017925736235402,
    "eval_crossner_politics_f1": 0.7008037334215981,
    "eval_crossner_politics_precision": 0.7087047718930071,
    "eval_crossner_politics_recall": 0.6930769230769053,
    "eval_crossner_science_f1": 0.6050618010094256,
    "eval_crossner_science_precision": 0.6007012076353486,
    "eval_crossner_science_recall": 0.6094861660078811,
    "eval_mit-movie_f1": 0.8645100796499369,
    "eval_mit-movie_precision": 0.8655651520840995,
    "eval_mit-movie_recall": 0.8634575763251383,
    "eval_mit-restaurant_f1": 0.7814233633990163,
    "eval_mit-restaurant_precision": 0.7803102247546445,
    "eval_mit-restaurant_recall": 0.7825396825396577,
    "eval_runtime": 158.0003,
    "eval_samples": 6470,
    "eval_samples_per_second": 40.949,
    "eval_steps_per_second": 0.165,
    "total_flos": 1.2982458870378004e+18,
    "train_loss": 0.024275298164190492,
    "train_runtime": 3206.4467,
    "train_samples": 31346,
    "train_samples_per_second": 58.656,
    "train_steps_per_second": 0.228
}