{
    "epoch": 39.98391366320505,
    "eval_loss": 0.8824053406715393,
    "eval_mse": 0.8822995252986309,
    "eval_pearson": 0.7700903105856777,
    "eval_runtime": 6.4797,
    "eval_samples": 2074,
    "eval_samples_per_second": 320.076,
    "eval_spearmanr": 0.7866975251930133,
    "eval_steps_per_second": 80.096
}