{
    "epoch": 10.0,
    "eval_average": 0.541394026024156,
    "eval_crossner_ai": 0.5546786921708587,
    "eval_crossner_literature": 0.6276391554201306,
    "eval_crossner_music": 0.6055293323841738,
    "eval_crossner_politics": 0.5879082695816515,
    "eval_crossner_science": 0.6683417084926695,
    "eval_mit-movie": 0.46153846148960953,
    "eval_mit-restaurant": 0.2841225626299982,
    "eval_runtime": 54.0325,
    "eval_samples_per_second": 27.761,
    "eval_steps_per_second": 0.222,
    "pred_average": 0.5366168103322146,
    "pred_crossner_ai": 0.5807770960644041,
    "pred_crossner_literature": 0.539393939343887,
    "pred_crossner_music": 0.6606822261617946,
    "pred_crossner_politics": 0.5747549019109248,
    "pred_crossner_science": 0.6742596810437278,
    "pred_mit-movie": 0.40254237283370714,
    "pred_mit-restaurant": 0.32390745496705675,
    "pred_runtime": 91.5739,
    "pred_samples_per_second": 33.852,
    "pred_steps_per_second": 0.273,
    "total_flos": 7.255004041573302e+18,
    "train_loss": 0.005556324303308661,
    "train_runtime": 86151.9211,
    "train_samples_per_second": 24.125,
    "train_steps_per_second": 0.188
}