{
    "epoch": 39.99939061547837,
    "eval_loss": 0.839276909828186,
    "eval_mse": 0.8387363938926962,
    "eval_pearson": 0.8100559550854988,
    "eval_runtime": 2.7276,
    "eval_samples": 1384,
    "eval_samples_per_second": 507.399,
    "eval_spearmanr": 0.8215554820777464,
    "eval_steps_per_second": 63.425,
    "total_flos": 9.784426157351895e+17,
    "train_loss": 0.24418995136167945,
    "train_runtime": 7928.0712,
    "train_samples": 26253,
    "train_samples_per_second": 132.456,
    "train_steps_per_second": 4.137
}