{
    "epoch": 12.0,
    "eval_average": 0.5651401291213036,
    "eval_crossner_ai": 0.542495479154336,
    "eval_crossner_literature": 0.6039603959895055,
    "eval_crossner_music": 0.6528881822500325,
    "eval_crossner_politics": 0.6111719605198125,
    "eval_crossner_science": 0.619354838659741,
    "eval_mit-movie": 0.5464190980949251,
    "eval_mit-restaurant": 0.3796909491807728,
    "eval_runtime": 133.5679,
    "eval_samples_per_second": 23.209,
    "eval_steps_per_second": 0.187,
    "pred_average": 0.5810648676082047,
    "pred_crossner_ai": 0.558738332746983,
    "pred_crossner_literature": 0.5829551184572974,
    "pred_crossner_music": 0.6565392002295434,
    "pred_crossner_politics": 0.6472542504876451,
    "pred_crossner_science": 0.6163156620176231,
    "pred_mit-movie": 0.5984752223138853,
    "pred_mit-restaurant": 0.4071762870044564,
    "pred_runtime": 389.3825,
    "pred_samples_per_second": 25.939,
    "pred_steps_per_second": 0.203,
    "total_flos": 2.0700216462147584e+18,
    "train_loss": 0.0169594287190144,
    "train_runtime": 57048.1397,
    "train_samples_per_second": 62.745,
    "train_steps_per_second": 0.49
}