{
    "epoch": 11.989497206703911,
    "eval_AnatEM": 0.6304347825579159,
    "eval_FabNER": 0.015517241342067629,
    "eval_FindVehicle": 0.7211009173811594,
    "eval_HarveyNER": 0.6666666666159815,
    "eval_MultiNERD": 0.9014084506539085,
    "eval_Ontonotes": 0.902738432433312,
    "eval_TweetNER7": 0.6234522941960994,
    "eval_WikiANN-en": 0.8175182481248842,
    "eval_WikiNeural": 0.9196050775237887,
    "eval_average": 0.7613216436784657,
    "eval_bc2gm": 0.7456445992530588,
    "eval_bc4chemd": 0.7692307691807442,
    "eval_bc5cdr": 0.8515624999497796,
    "eval_broad_twitter_corpus": 0.6972477063722354,
    "eval_conll2003": 0.9794871794369288,
    "eval_conllpp": 0.9794871794369288,
    "eval_mit-movie": 0.7511045654873472,
    "eval_mit-restaurant": 0.8044692736928646,
    "eval_ncbi": 0.9271137025733768,
    "eval_runtime": 401.2747,
    "eval_samples": 3600,
    "eval_samples_per_second": 8.971,
    "eval_steps_per_second": 0.282
}