{
    "epoch": 1.0,
    "total_flos": 7.509104756627866e+17,
    "train_loss": 0.6982570220971506,
    "train_runtime": 3430.4374,
    "train_samples": 805732,
    "train_samples_per_second": 234.877,
    "train_steps_per_second": 3.67
}