{
    "epoch": 5.986733001658375,
    "eval_average_f1": 0.7034808401114486,
    "eval_crossner_ai_f1": 0.5885997521184899,
    "eval_crossner_ai_precision": 0.5860579888957071,
    "eval_crossner_ai_recall": 0.5911636589918736,
    "eval_crossner_literature_f1": 0.6235323506869209,
    "eval_crossner_literature_precision": 0.617516081147916,
    "eval_crossner_literature_recall": 0.6296670030272135,
    "eval_crossner_music_f1": 0.7007509186270827,
    "eval_crossner_music_precision": 0.6995215311004561,
    "eval_crossner_music_recall": 0.7019846350832042,
    "eval_crossner_politics_f1": 0.7237113401561682,
    "eval_crossner_politics_precision": 0.7274611398963542,
    "eval_crossner_politics_recall": 0.7199999999999815,
    "eval_crossner_science_f1": 0.6375372392747027,
    "eval_crossner_science_precision": 0.6407185628742259,
    "eval_crossner_science_recall": 0.634387351778631,
    "eval_mit-movie_f1": 0.868450598752379,
    "eval_mit-movie_precision": 0.8676388109926927,
    "eval_mit-movie_recall": 0.8692639070986913,
    "eval_mit-restaurant_f1": 0.7817836811643972,
    "eval_mit-restaurant_precision": 0.7788279773156654,
    "eval_mit-restaurant_recall": 0.7847619047618798,
    "eval_runtime": 265.0341,
    "eval_samples": 6470,
    "eval_samples_per_second": 24.412,
    "eval_steps_per_second": 0.098
}