{
    "epoch": 12.0,
    "eval_average": 0.6246132691143405,
    "eval_crossner_ai": 0.6685393257925758,
    "eval_crossner_literature": 0.6280033139515571,
    "eval_crossner_music": 0.7242666666167125,
    "eval_crossner_politics": 0.6659230339713249,
    "eval_crossner_science": 0.6808209482870015,
    "eval_mit-movie": 0.6055979643274092,
    "eval_mit-restaurant": 0.3991416308538019,
    "eval_runtime": 254.4503,
    "eval_samples_per_second": 12.183,
    "eval_steps_per_second": 0.098,
    "pred_average": 0.6356437280988576,
    "pred_crossner_ai": 0.6468085105883019,
    "pred_crossner_literature": 0.5966794380087188,
    "pred_crossner_music": 0.7279529662782299,
    "pred_crossner_politics": 0.659064097472793,
    "pred_crossner_science": 0.6783907491674185,
    "pred_mit-movie": 0.638697557871423,
    "pred_mit-restaurant": 0.501912777305118,
    "pred_runtime": 732.1106,
    "pred_samples_per_second": 13.796,
    "pred_steps_per_second": 0.108,
    "total_flos": 6.426245177895027e+18,
    "train_loss": 0.010755033643972208,
    "train_runtime": 141147.1452,
    "train_samples_per_second": 25.36,
    "train_steps_per_second": 0.198
}