{
    "eval_average": 0.6201237287361835,
    "eval_crossner_ai": 0.4761904761389771,
    "eval_crossner_literature": 0.5918367346428571,
    "eval_crossner_music": 0.8450704224840607,
    "eval_crossner_politics": 0.7903225805938996,
    "eval_crossner_science": 0.6071428570918367,
    "eval_mit-movie": 0.5454545454023876,
    "eval_mit-restaurant": 0.48484848479926546,
    "eval_runtime": 34.8509,
    "eval_samples_per_second": 2.009,
    "eval_steps_per_second": 0.057
}