{
    "eval_average": 0.5675083569675842,
    "eval_crossner_ai": 0.5056433408085607,
    "eval_crossner_literature": 0.5655644241231893,
    "eval_crossner_music": 0.7160664819443667,
    "eval_crossner_politics": 0.5806451612403247,
    "eval_crossner_science": 0.6390041493276811,
    "eval_mit-movie": 0.5506493505992432,
    "eval_mit-restaurant": 0.4149855907297229,
    "eval_runtime": 174.8012,
    "eval_samples_per_second": 4.005,
    "eval_steps_per_second": 0.2
}