{
    "epoch": 12.0,
    "eval_average": 0.5744970840014885,
    "eval_crossner_ai": 0.533333333283293,
    "eval_crossner_literature": 0.6175732217072373,
    "eval_crossner_music": 0.6843817786918478,
    "eval_crossner_politics": 0.6226105952533941,
    "eval_crossner_science": 0.6466380543134475,
    "eval_mit-movie": 0.5416666666179525,
    "eval_mit-restaurant": 0.3752759381432471,
    "eval_runtime": 140.8878,
    "eval_samples_per_second": 22.003,
    "eval_steps_per_second": 0.177,
    "pred_average": 0.5919970739283675,
    "pred_crossner_ai": 0.5542246681274523,
    "pred_crossner_literature": 0.6048755713059927,
    "pred_crossner_music": 0.6740331491213344,
    "pred_crossner_politics": 0.6573728646664677,
    "pred_crossner_science": 0.6303178483610107,
    "pred_mit-movie": 0.5961538461044354,
    "pred_mit-restaurant": 0.42700156981187953,
    "pred_runtime": 405.0773,
    "pred_samples_per_second": 24.934,
    "pred_steps_per_second": 0.195,
    "total_flos": 3.472583940496163e+18,
    "train_loss": 0.010673295975508685,
    "train_runtime": 93843.9581,
    "train_samples_per_second": 66.949,
    "train_steps_per_second": 0.523
}