{
    "epoch": 12.0,
    "eval_average": 0.5744970840014885,
    "eval_crossner_ai": 0.533333333283293,
    "eval_crossner_literature": 0.6175732217072373,
    "eval_crossner_music": 0.6843817786918478,
    "eval_crossner_politics": 0.6226105952533941,
    "eval_crossner_science": 0.6466380543134475,
    "eval_mit-movie": 0.5416666666179525,
    "eval_mit-restaurant": 0.3752759381432471,
    "eval_runtime": 140.8878,
    "eval_samples_per_second": 22.003,
    "eval_steps_per_second": 0.177
}