{
    "eval_average": 0.6031739895806635,
    "eval_crossner_ai": 0.582446808460506,
    "eval_crossner_literature": 0.5800970873286991,
    "eval_crossner_music": 0.7414285713784855,
    "eval_crossner_politics": 0.6217105262656871,
    "eval_crossner_science": 0.6735870818414972,
    "eval_mit-movie": 0.5495750707724323,
    "eval_mit-restaurant": 0.4733727810173366,
    "eval_runtime": 196.5302,
    "eval_samples_per_second": 3.562,
    "eval_steps_per_second": 0.02
}