{
    "epoch": 10.0,
    "eval_average": 0.6131854405430949,
    "eval_crossner_ai": 0.6092865231661931,
    "eval_crossner_literature": 0.6286836934666195,
    "eval_crossner_music": 0.7208527647733586,
    "eval_crossner_politics": 0.6180014173843617,
    "eval_crossner_science": 0.7430555555054267,
    "eval_mit-movie": 0.6012269938160337,
    "eval_mit-restaurant": 0.3711911356896709,
    "eval_runtime": 391.3064,
    "eval_samples_per_second": 3.833,
    "eval_steps_per_second": 0.031,
    "pred_average": 0.625851494895931,
    "pred_crossner_ai": 0.6281512604540876,
    "pred_crossner_literature": 0.6351865955325565,
    "pred_crossner_music": 0.7515777394794807,
    "pred_crossner_politics": 0.6477630749342391,
    "pred_crossner_science": 0.7448165868718457,
    "pred_mit-movie": 0.5325203251545633,
    "pred_mit-restaurant": 0.44094488184474345,
    "pred_runtime": 566.1452,
    "pred_samples_per_second": 5.476,
    "pred_steps_per_second": 0.044,
    "total_flos": 4.403112514526013e+19,
    "train_loss": 0.003134887040262364,
    "train_runtime": 99461.3445,
    "train_samples_per_second": 20.897,
    "train_steps_per_second": 0.163
}