{
    "epoch": 5.982412060301508,
    "eval_average_f1": 0.7661121081840568,
    "eval_crossner_ai_f1": 0.67313713207269,
    "eval_crossner_ai_precision": 0.6773787019533284,
    "eval_crossner_ai_recall": 0.6689483509644886,
    "eval_crossner_literature_f1": 0.7190559878987474,
    "eval_crossner_literature_precision": 0.715642178910509,
    "eval_crossner_literature_recall": 0.7225025227043026,
    "eval_crossner_music_f1": 0.7740477727065957,
    "eval_crossner_music_precision": 0.780598958333308,
    "eval_crossner_music_recall": 0.7676056338027923,
    "eval_crossner_politics_f1": 0.7863467213666359,
    "eval_crossner_politics_precision": 0.787053686103242,
    "eval_crossner_politics_recall": 0.7856410256410055,
    "eval_crossner_science_f1": 0.7310398748522449,
    "eval_crossner_science_precision": 0.723124516627969,
    "eval_crossner_science_recall": 0.7391304347825794,
    "eval_mit-movie_f1": 0.8820166806734397,
    "eval_mit-movie_precision": 0.8825956489122115,
    "eval_mit-movie_recall": 0.8814384716238831,
    "eval_mit-restaurant_f1": 0.7971405877180446,
    "eval_mit-restaurant_precision": 0.7977742448330429,
    "eval_mit-restaurant_recall": 0.7965079365079112,
    "eval_runtime": 122.9284,
    "eval_samples": 6470,
    "eval_samples_per_second": 52.632,
    "eval_steps_per_second": 0.212
}