{
    "epoch": 5.992059991177768,
    "eval_average_f1": 0.7972809906815163,
    "eval_crossner_ai_f1": 0.7118644067272623,
    "eval_crossner_ai_precision": 0.7241379310319858,
    "eval_crossner_ai_recall": 0.6999999999976667,
    "eval_crossner_literature_f1": 0.6799999999476001,
    "eval_crossner_literature_precision": 0.7391304347793951,
    "eval_crossner_literature_recall": 0.6296296296272977,
    "eval_crossner_music_f1": 0.9444444443931423,
    "eval_crossner_music_precision": 0.9315068493137925,
    "eval_crossner_music_recall": 0.9577464788718905,
    "eval_crossner_politics_f1": 0.7185628742006525,
    "eval_crossner_politics_precision": 0.7317073170722784,
    "eval_crossner_politics_recall": 0.705882352940346,
    "eval_crossner_science_f1": 0.7142857142324263,
    "eval_crossner_science_precision": 0.7499999999962501,
    "eval_crossner_science_recall": 0.6818181818150827,
    "eval_mit-movie_f1": 0.944162436497266,
    "eval_mit-movie_precision": 0.9489795918357663,
    "eval_mit-movie_recall": 0.9393939393929905,
    "eval_mit-restaurant_f1": 0.8676470587722643,
    "eval_mit-restaurant_precision": 0.8805970149240588,
    "eval_mit-restaurant_recall": 0.8550724637668767,
    "eval_runtime": 16.0545,
    "eval_samples": 128,
    "eval_samples_per_second": 7.973,
    "eval_steps_per_second": 0.249,
    "total_flos": 1.3833208539486618e+17,
    "train_loss": 0.021385273862323254,
    "train_runtime": 5122.0246,
    "train_samples": 18135,
    "train_samples_per_second": 21.244,
    "train_steps_per_second": 0.332
}