{
    "epoch": 6.0,
    "eval_average_f1": 0.8001133095427476,
    "eval_crossner_ai_f1": 0.7290302462860944,
    "eval_crossner_ai_precision": 0.7306249999999543,
    "eval_crossner_ai_recall": 0.727442439327895,
    "eval_crossner_literature_f1": 0.7612838515046276,
    "eval_crossner_literature_precision": 0.7567298105682574,
    "eval_crossner_literature_recall": 0.7658930373359856,
    "eval_crossner_music_f1": 0.8147191736104034,
    "eval_crossner_music_precision": 0.8216145833333066,
    "eval_crossner_music_recall": 0.8079385403328807,
    "eval_crossner_politics_f1": 0.8322679621079949,
    "eval_crossner_politics_precision": 0.8299337072921766,
    "eval_crossner_politics_recall": 0.8346153846153632,
    "eval_crossner_science_f1": 0.7757410295911642,
    "eval_crossner_science_precision": 0.7655889145496241,
    "eval_crossner_science_recall": 0.7861660079051073,
    "eval_mit-movie_f1": 0.8860404191116601,
    "eval_mit-movie_precision": 0.8852121891942254,
    "eval_mit-movie_recall": 0.8868702004120456,
    "eval_mit-restaurant_f1": 0.8017104845872888,
    "eval_mit-restaurant_precision": 0.7999367888748167,
    "eval_mit-restaurant_recall": 0.803492063492038,
    "eval_runtime": 123.8895,
    "eval_samples": 6470,
    "eval_samples_per_second": 52.224,
    "eval_steps_per_second": 0.21
}