{
    "epoch": 6.0,
    "eval_average_f1": 0.799336844811907,
    "eval_crossner_ai_f1": 0.7376639599749389,
    "eval_crossner_ai_precision": 0.7404388714733078,
    "eval_crossner_ai_recall": 0.734909769757266,
    "eval_crossner_literature_f1": 0.750381291256523,
    "eval_crossner_literature_precision": 0.7561475409835678,
    "eval_crossner_literature_recall": 0.7447023208879543,
    "eval_crossner_music_f1": 0.8145524790227379,
    "eval_crossner_music_precision": 0.8193005181346885,
    "eval_crossner_music_recall": 0.8098591549295515,
    "eval_crossner_politics_f1": 0.8260254596388051,
    "eval_crossner_politics_precision": 0.8284756254836,
    "eval_crossner_politics_recall": 0.8235897435897225,
    "eval_crossner_science_f1": 0.7809820732157627,
    "eval_crossner_science_precision": 0.7701767870868267,
    "eval_crossner_science_recall": 0.7920948616600477,
    "eval_mit-movie_f1": 0.8877856874734003,
    "eval_mit-movie_precision": 0.8879520329773114,
    "eval_mit-movie_recall": 0.8876194043828266,
    "eval_mit-restaurant_f1": 0.7979669631011818,
    "eval_mit-restaurant_precision": 0.7984742530196822,
    "eval_mit-restaurant_recall": 0.7974603174602921,
    "eval_runtime": 160.3173,
    "eval_samples": 6470,
    "eval_samples_per_second": 40.357,
    "eval_steps_per_second": 0.162
}