{
    "epoch": 6.0,
    "total_flos": 1.6771388427311514e+17,
    "train_loss": 0.03787959897846963,
    "train_runtime": 1633.1348,
    "train_samples": 18135,
    "train_samples_per_second": 66.626,
    "train_steps_per_second": 0.261
}