{
    "epoch": 6.0,
    "total_flos": 1.6771388427311514e+17,
    "train_loss": 0.03708959315759196,
    "train_runtime": 7943.8265,
    "train_samples": 18135,
    "train_samples_per_second": 13.697,
    "train_steps_per_second": 0.054
}