{
    "epoch": 39.98391366320505,
    "eval_loss": 0.9471083283424377,
    "eval_mse": 0.9471355686997034,
    "eval_pearson": 0.7641195399105914,
    "eval_runtime": 8.2145,
    "eval_samples": 2074,
    "eval_samples_per_second": 252.48,
    "eval_spearmanr": 0.7777287951027855,
    "eval_steps_per_second": 63.181
}