{
    "epoch": 39.999089529590286,
    "eval_loss": 0.9744005799293518,
    "eval_mse": 0.9740124418145496,
    "eval_pearson": 0.777620497484782,
    "eval_runtime": 2.8214,
    "eval_samples": 691,
    "eval_samples_per_second": 244.915,
    "eval_spearmanr": 0.7847563763626133,
    "eval_steps_per_second": 61.317,
    "total_flos": 5.571992284351693e+17,
    "train_loss": 0.6932680276010914,
    "train_runtime": 6524.3072,
    "train_samples": 13177,
    "train_samples_per_second": 80.787,
    "train_steps_per_second": 5.046
}