{
    "epoch": 12.0,
    "eval_average": 0.5815969859175595,
    "eval_crossner_ai": 0.5656689064864392,
    "eval_crossner_literature": 0.6182019977303175,
    "eval_crossner_music": 0.740441176420536,
    "eval_crossner_politics": 0.5674044265093106,
    "eval_crossner_science": 0.6968749999500277,
    "eval_mit-movie": 0.5176848874102382,
    "eval_mit-restaurant": 0.36490250691604703,
    "eval_runtime": 176.6418,
    "eval_samples_per_second": 7.926,
    "eval_steps_per_second": 0.249,
    "pred_average": 0.6046707036586622,
    "pred_crossner_ai": 0.5897658282242844,
    "pred_crossner_literature": 0.6173096975516918,
    "pred_crossner_music": 0.7315436241110506,
    "pred_crossner_politics": 0.6372837923907269,
    "pred_crossner_science": 0.6945859271336274,
    "pred_mit-movie": 0.5647397062858059,
    "pred_mit-restaurant": 0.3974663499134471,
    "pred_runtime": 555.4594,
    "pred_samples_per_second": 11.648,
    "pred_steps_per_second": 0.365,
    "total_flos": 6.183990569425961e+17,
    "train_loss": 0.04207960244381066,
    "train_runtime": 16946.1627,
    "train_samples_per_second": 74.82,
    "train_steps_per_second": 0.584
}