{
    "epoch": 12.0,
    "eval_average": 0.5815969859175595,
    "eval_crossner_ai": 0.5656689064864392,
    "eval_crossner_literature": 0.6182019977303175,
    "eval_crossner_music": 0.740441176420536,
    "eval_crossner_politics": 0.5674044265093106,
    "eval_crossner_science": 0.6968749999500277,
    "eval_mit-movie": 0.5176848874102382,
    "eval_mit-restaurant": 0.36490250691604703,
    "eval_runtime": 176.6418,
    "eval_samples_per_second": 7.926,
    "eval_steps_per_second": 0.249
}