{
    "epoch": 12.0,
    "eval_AnatEM": 0.6588235293602769,
    "eval_FabNER": 0.015477214064023647,
    "eval_FindVehicle": 0.7211009173811594,
    "eval_HarveyNER": 0.6516853932077199,
    "eval_MultiNERD": 0.9026548672063177,
    "eval_Ontonotes": 0.9080568719877461,
    "eval_TweetNER7": 0.6523736599805847,
    "eval_WikiANN-en": 0.8394160583438542,
    "eval_WikiNeural": 0.9252468264659591,
    "eval_average": 0.7653864686331235,
    "eval_bc2gm": 0.753623188355419,
    "eval_bc4chemd": 0.7684478370998298,
    "eval_bc5cdr": 0.8575163398190571,
    "eval_broad_twitter_corpus": 0.6754221387872632,
    "eval_conll2003": 0.9755469754967246,
    "eval_conllpp": 0.9781209780707265,
    "eval_mit-movie": 0.7499999999498127,
    "eval_mit-restaurant": 0.8154897493803391,
    "eval_ncbi": 0.9279538904394125,
    "eval_runtime": 262.2254,
    "eval_samples_per_second": 13.729,
    "eval_steps_per_second": 0.431
}