{
    "epoch": 40.0,
    "eval_loss": 0.9223024249076843,
    "eval_mse": 0.9222825019255928,
    "eval_pearson": 0.7669536818908282,
    "eval_runtime": 3.5467,
    "eval_samples": 2760,
    "eval_samples_per_second": 778.19,
    "eval_spearmanr": 0.7867596169514591,
    "eval_steps_per_second": 97.274,
    "total_flos": 5.502971086163149e+17,
    "train_loss": 0.07028141682705359,
    "train_runtime": 7822.7172,
    "train_samples": 52284,
    "train_samples_per_second": 267.344,
    "train_steps_per_second": 8.355
}