{
    "epoch": 5.975510204081632,
    "eval_average_f1": 0.709821698977883,
    "eval_crossner_ai_f1": 0.589766878545217,
    "eval_crossner_ai_precision": 0.5742924528301548,
    "eval_crossner_ai_recall": 0.6060983198506157,
    "eval_crossner_literature_f1": 0.6455345911449364,
    "eval_crossner_literature_precision": 0.6437531359758834,
    "eval_crossner_literature_recall": 0.6473259334005728,
    "eval_crossner_music_f1": 0.7023195875788454,
    "eval_crossner_music_precision": 0.7068741893644388,
    "eval_crossner_music_recall": 0.6978233034570839,
    "eval_crossner_politics_f1": 0.716848673896949,
    "eval_crossner_politics_precision": 0.7270569620252972,
    "eval_crossner_politics_recall": 0.7069230769230588,
    "eval_crossner_science_f1": 0.6638822592976286,
    "eval_crossner_science_precision": 0.6681345076060581,
    "eval_crossner_science_recall": 0.659683794466377,
    "eval_mit-movie_f1": 0.8642343939035163,
    "eval_mit-movie_precision": 0.8611007809594484,
    "eval_mit-movie_recall": 0.8673908971717388,
    "eval_mit-restaurant_f1": 0.7861655084780875,
    "eval_mit-restaurant_precision": 0.782212445003118,
    "eval_mit-restaurant_recall": 0.7901587301587051,
    "eval_runtime": 229.7278,
    "eval_samples": 6470,
    "eval_samples_per_second": 28.164,
    "eval_steps_per_second": 0.113
}