{
    "epoch": 6.0,
    "eval_average_f1": 0.7458759108976292,
    "eval_crossner_ai_f1": 0.6491616576532314,
    "eval_crossner_ai_precision": 0.6602316602316177,
    "eval_crossner_ai_recall": 0.6384567517112235,
    "eval_crossner_literature_f1": 0.6843434342933998,
    "eval_crossner_literature_precision": 0.6850353892820685,
    "eval_crossner_literature_recall": 0.683652875882912,
    "eval_crossner_music_f1": 0.7349242179441744,
    "eval_crossner_music_precision": 0.7404158544509181,
    "eval_crossner_music_recall": 0.7295134443021534,
    "eval_crossner_politics_f1": 0.7661290322080552,
    "eval_crossner_politics_precision": 0.7774551214360935,
    "eval_crossner_politics_recall": 0.7551282051281858,
    "eval_crossner_science_f1": 0.7170411612146383,
    "eval_crossner_science_precision": 0.7214885954381464,
    "eval_crossner_science_recall": 0.7126482213438453,
    "eval_mit-movie_f1": 0.8748592870043926,
    "eval_mit-movie_precision": 0.8763390340161459,
    "eval_mit-movie_recall": 0.873384528937987,
    "eval_mit-restaurant_f1": 0.7946725859655132,
    "eval_mit-restaurant_precision": 0.793791574279354,
    "eval_mit-restaurant_recall": 0.7955555555555303,
    "eval_runtime": 248.1496,
    "eval_samples": 6470,
    "eval_samples_per_second": 26.073,
    "eval_steps_per_second": 0.105,
    "total_flos": 6.410297412220355e+17,
    "train_loss": 0.055277152013191035,
    "train_runtime": 2966.5777,
    "train_samples": 18135,
    "train_samples_per_second": 36.679,
    "train_steps_per_second": 0.144
}