{
    "epoch": 5.982412060301508,
    "eval_average_f1": 0.7113724514703501,
    "eval_crossner_ai_f1": 0.6208384709733938,
    "eval_crossner_ai_precision": 0.6151496640195103,
    "eval_crossner_ai_recall": 0.626633478531386,
    "eval_crossner_literature_f1": 0.6321867938239337,
    "eval_crossner_literature_precision": 0.6291854072963203,
    "eval_crossner_literature_recall": 0.6352169525731264,
    "eval_crossner_music_f1": 0.6629923812111311,
    "eval_crossner_music_precision": 0.6715927750410289,
    "eval_crossner_music_recall": 0.6546094750319893,
    "eval_crossner_politics_f1": 0.7468549421836138,
    "eval_crossner_politics_precision": 0.7478149100256877,
    "eval_crossner_politics_recall": 0.7458974358974167,
    "eval_crossner_science_f1": 0.6667943316237108,
    "eval_crossner_science_precision": 0.6467310549776877,
    "eval_crossner_science_recall": 0.6881422924900914,
    "eval_mit-movie_f1": 0.8683891427538275,
    "eval_mit-movie_precision": 0.8649201040505228,
    "eval_mit-movie_recall": 0.8718861209964249,
    "eval_mit-restaurant_f1": 0.7815510977228401,
    "eval_mit-restaurant_precision": 0.7777428481609312,
    "eval_mit-restaurant_recall": 0.7853968253968004,
    "eval_runtime": 176.7142,
    "eval_samples": 6470,
    "eval_samples_per_second": 36.613,
    "eval_steps_per_second": 0.147,
    "total_flos": 9.574820951464346e+17,
    "train_loss": 0.02927124179172195,
    "train_runtime": 2739.4702,
    "train_samples": 25449,
    "train_samples_per_second": 55.739,
    "train_steps_per_second": 0.217
}