{
    "epoch": 40.0,
    "total_flos": 1.387529987162112e+17,
    "train_loss": 0.21738065434891043,
    "train_runtime": 2026.5497,
    "train_samples": 13177,
    "train_samples_per_second": 260.087,
    "train_steps_per_second": 8.132
}