{
    "eval_average": 0.5745765251623248,
    "eval_crossner_ai": 0.5022222221731861,
    "eval_crossner_literature": 0.566251415578414,
    "eval_crossner_music": 0.7289073305169885,
    "eval_crossner_politics": 0.5808477236548789,
    "eval_crossner_science": 0.6597938143831141,
    "eval_mit-movie": 0.5558441557940456,
    "eval_mit-restaurant": 0.42816901403564694,
    "eval_runtime": 59.0382,
    "eval_samples_per_second": 11.857,
    "eval_steps_per_second": 0.034
}