{
    "epoch": 5.986733001658375,
    "eval_average_f1": 0.7871907658353167,
    "eval_crossner_ai_f1": 0.6696997269745588,
    "eval_crossner_ai_precision": 0.6532544378697838,
    "eval_crossner_ai_recall": 0.6869943995021353,
    "eval_crossner_literature_f1": 0.7362553837857883,
    "eval_crossner_literature_precision": 0.7394402035623033,
    "eval_crossner_literature_recall": 0.7330978809283182,
    "eval_crossner_music_f1": 0.8279414131159173,
    "eval_crossner_music_precision": 0.8326319197150912,
    "eval_crossner_music_recall": 0.8233034571062476,
    "eval_crossner_politics_f1": 0.813801916882887,
    "eval_crossner_politics_precision": 0.8112101910827819,
    "eval_crossner_politics_recall": 0.8164102564102355,
    "eval_crossner_science_f1": 0.764946445909085,
    "eval_crossner_science_precision": 0.7539347408828885,
    "eval_crossner_science_recall": 0.7762845849802065,
    "eval_mit-movie_f1": 0.891111318764826,
    "eval_mit-movie_precision": 0.8893656716417745,
    "eval_mit-movie_recall": 0.8928638321782938,
    "eval_mit-restaurant_f1": 0.8065791554141535,
    "eval_mit-restaurant_precision": 0.8036558462023068,
    "eval_mit-restaurant_recall": 0.8095238095237838,
    "eval_runtime": 157.3581,
    "eval_samples": 6470,
    "eval_samples_per_second": 41.116,
    "eval_steps_per_second": 0.165
}