{
    "epoch": 1.0,
    "eval_loss": 2.602008819580078,
    "eval_mse": 2.6015740546398134,
    "eval_pearson": 0.5314959145033564,
    "eval_runtime": 38.6296,
    "eval_samples": 55132,
    "eval_samples_per_second": 1427.194,
    "eval_spearmanr": 0.5390567981865767,
    "eval_steps_per_second": 11.908,
    "total_flos": 7.509104756627866e+17,
    "train_loss": 0.7032835265773928,
    "train_runtime": 3436.9122,
    "train_samples": 805732,
    "train_samples_per_second": 234.435,
    "train_steps_per_second": 3.663
}