{
    "epoch": 12.0,
    "eval_AnatEM": 0.6588235293602769,
    "eval_FabNER": 0.015477214064023647,
    "eval_FindVehicle": 0.7211009173811594,
    "eval_HarveyNER": 0.6516853932077199,
    "eval_MultiNERD": 0.9026548672063177,
    "eval_Ontonotes": 0.9080568719877461,
    "eval_TweetNER7": 0.6523736599805847,
    "eval_WikiANN-en": 0.8394160583438542,
    "eval_WikiNeural": 0.9252468264659591,
    "eval_average": 0.7653864686331235,
    "eval_bc2gm": 0.753623188355419,
    "eval_bc4chemd": 0.7684478370998298,
    "eval_bc5cdr": 0.8575163398190571,
    "eval_broad_twitter_corpus": 0.6754221387872632,
    "eval_conll2003": 0.9755469754967246,
    "eval_conllpp": 0.9781209780707265,
    "eval_mit-movie": 0.7499999999498127,
    "eval_mit-restaurant": 0.8154897493803391,
    "eval_ncbi": 0.9279538904394125,
    "eval_runtime": 262.2254,
    "eval_samples_per_second": 13.729,
    "eval_steps_per_second": 0.431,
    "pred_AnatEM": 0.7814264315665307,
    "pred_FabNER": 0.020400922443217034,
    "pred_FindVehicle": 0.5163724365553689,
    "pred_HarveyNER": 0.6601752677201158,
    "pred_MultiNERD": 0.92714252349635,
    "pred_Ontonotes": 0.8665075862810947,
    "pred_TweetNER7": 0.6700738216422907,
    "pred_WikiANN-en": 0.816696257060763,
    "pred_WikiNeural": 0.8984379027184658,
    "pred_average": 0.7639392575668574,
    "pred_bc2gm": 0.7819647852059005,
    "pred_bc4chemd": 0.7202539388129244,
    "pred_bc5cdr": 0.8627888445715289,
    "pred_broad_twitter_corpus": 0.8016391342822087,
    "pred_conll2003": 0.9158231219531838,
    "pred_conllpp": 0.9301873453016986,
    "pred_mit-movie": 0.8822377621877467,
    "pred_mit-restaurant": 0.8284677291593806,
    "pred_ncbi": 0.870310825244663,
    "pred_runtime": 10344.9338,
    "pred_samples_per_second": 12.067,
    "pred_steps_per_second": 0.377,
    "total_flos": 6.270499181790495e+17,
    "train_loss": 0.021438871975155125,
    "train_runtime": 14222.4747,
    "train_samples_per_second": 120.806,
    "train_steps_per_second": 0.943
}