{
    "eval_loss": 1.9652745723724365,
    "eval_model_preparation_time": 0.3295,
    "eval_mse": 1.9642957465492472,
    "eval_pearson": 0.38112149963898995,
    "eval_runtime": 43.2471,
    "eval_samples": 55132,
    "eval_samples_per_second": 1274.814,
    "eval_spearmanr": 0.3999879949420543,
    "eval_steps_per_second": 21.25
}